source_ip,destination_ip,protocol,port,domain,risk
2603:8000:6242:8d00:ed92:8a08:3ff0:3e6f,2600:6c7f:f000:202::7,TCP,443,,low
2600:6c7f:f000:202::7,2603:8000:6242:8d00:ed92:8a08:3ff0:3e6f,TCP,58469,,unknown
2600:1406:4c00:1a9::24e8,2603:8000:6242:8d00:ed92:8a08:3ff0:3e6f,TCP,58691,,unknown
2603:8000:6242:8d00:ed92:8a08:3ff0:3e6f,2600:1406:4c00:1a9::24e8,TCP,443,,low
2603:8000:6242:8d00:ed92:8a08:3ff0:3e6f,2001:1998:f00:2::1,UDP,53,westus-0.in.applicationinsights.azure.com,low
2001:1998:f00:2::1,2603:8000:6242:8d00:ed92:8a08:3ff0:3e6f,UDP,62082,westus-0.in.applicationinsights.azure.com,unknown
2603:8000:6242:8d00:ed92:8a08:3ff0:3e6f,2a02:6b8:a::a,TCP,443,,low
2603:8000:6242:8d00:ed92:8a08:3ff0:3e6f,2a04:4e42:87::714,TCP,443,,low
2a04:4e42:87::714,2603:8000:6242:8d00:ed92:8a08:3ff0:3e6f,TCP,54133,,unknown
2a02:6b8:a::a,2603:8000:6242:8d00:ed92:8a08:3ff0:3e6f,TCP,53861,,unknown
2603:8000:6242:8d00:ed92:8a08:3ff0:3e6f,2607:f8b0:4007:801::2002,UDP,443,,low
2607:f8b0:4007:801::2002,2603:8000:6242:8d00:ed92:8a08:3ff0:3e6f,UDP,61373,,unknown
2603:8000:6242:8d00:ed92:8a08:3ff0:3e6f,2a02:6b8::1be,TCP,443,,low
2a02:6b8::1be,2603:8000:6242:8d00:ed92:8a08:3ff0:3e6f,TCP,58647,,unknown
2603:8000:6242:8d00:ed92:8a08:3ff0:3e6f,2607:f8b0:4007:819::200a,UDP,443,,low
2607:f8b0:4007:819::200a,2603:8000:6242:8d00:ed92:8a08:3ff0:3e6f,UDP,49784,,unknown
2603:8000:6242:8d00:ed92:8a08:3ff0:3e6f,2607:f8b0:4007:801::200a,UDP,443,,low
2603:8000:6242:8d00:ed92:8a08:3ff0:3e6f,2607:f8b0:4007:818::2002,UDP,443,,low
2607:f8b0:4007:801::200a,2603:8000:6242:8d00:ed92:8a08:3ff0:3e6f,UDP,54921,,unknown
2607:f8b0:4007:818::2002,2603:8000:6242:8d00:ed92:8a08:3ff0:3e6f,UDP,57746,,unknown
2607:f8b0:4007:818::2002,2603:8000:6242:8d00:ed92:8a08:3ff0:3e6f,UDP,51179,,unknown
2600:1406:5e00:286::11a6,2603:8000:6242:8d00:ed92:8a08:3ff0:3e6f,TCP,58713,,unknown
2603:8000:6242:8d00:ed92:8a08:3ff0:3e6f,2600:1406:5e00:286::11a6,TCP,443,,low
2607:f8b0:4007:80f::2004,2603:8000:6242:8d00:ed92:8a08:3ff0:3e6f,TCP,58714,,unknown
2603:8000:6242:8d00:ed92:8a08:3ff0:3e6f,2607:f8b0:4007:80f::2004,TCP,443,,low
2603:8000:6242:8d00:ed92:8a08:3ff0:3e6f,2600:1f13:d60:4f05:14cf:41b9:a88f:22aa,TCP,443,,low
2600:1f13:d60:4f05:14cf:41b9:a88f:22aa,2603:8000:6242:8d00:ed92:8a08:3ff0:3e6f,TCP,58804,,unknown
2607:f8b0:4007:818::2002,2603:8000:6242:8d00:ed92:8a08:3ff0:3e6f,UDP,58173,,unknown
2603:8000:6242:8d00:ed92:8a08:3ff0:3e6f,2607:f8b0:4007:803::2002,UDP,443,,low
2607:f8b0:4007:803::2002,2603:8000:6242:8d00:ed92:8a08:3ff0:3e6f,UDP,60176,,unknown
2603:8000:6242:8d00:ed92:8a08:3ff0:3e6f,2607:f8b0:4007:818::2001,UDP,443,,low
2607:f8b0:4007:818::2001,2603:8000:6242:8d00:ed92:8a08:3ff0:3e6f,UDP,50819,,unknown
2003:8:10:2:0:a10:985f:325a,2603:8000:6242:8d00:ed92:8a08:3ff0:3e6f,TCP,58767,,unknown
2603:8000:6242:8d00:ed92:8a08:3ff0:3e6f,2003:8:10:2:0:a10:985f:325a,TCP,443,,low
2603:8000:6242:8d00:ed92:8a08:3ff0:3e6f,2a04:4e42:87::300,TCP,443,,low
2a04:4e42:87::300,2603:8000:6242:8d00:ed92:8a08:3ff0:3e6f,TCP,57649,,unknown
2603:8000:6242:8d00:ed92:8a08:3ff0:3e6f,2607:f8b0:4007:809::2002,TCP,443,,low
2607:f8b0:4007:818::2001,2603:8000:6242:8d00:ed92:8a08:3ff0:3e6f,UDP,49473,,unknown
2607:f8b0:4007:809::2002,2603:8000:6242:8d00:ed92:8a08:3ff0:3e6f,TCP,58815,,unknown
2603:8000:6242:8d00:ed92:8a08:3ff0:3e6f,2607:f8b0:4007:803::200e,TCP,443,,low
2607:f8b0:4007:803::200e,2603:8000:6242:8d00:ed92:8a08:3ff0:3e6f,TCP,58475,,unknown
2620:100:a005::2a,2603:8000:6242:8d00:ed92:8a08:3ff0:3e6f,TCP,58727,,unknown
2603:8000:6242:8d00:ed92:8a08:3ff0:3e6f,2620:100:a005::2a,TCP,443,,low
2603:8000:6242:8d00:ed92:8a08:3ff0:3e6f,2607:f8b0:4007:815::2002,UDP,443,,low
2607:f8b0:4007:815::2002,2603:8000:6242:8d00:ed92:8a08:3ff0:3e6f,UDP,56898,,unknown
2607:f8b0:4007:815::2002,2603:8000:6242:8d00:ed92:8a08:3ff0:3e6f,UDP,54618,,unknown
2607:f8b0:4007:815::2002,2603:8000:6242:8d00:ed92:8a08:3ff0:3e6f,UDP,49841,,unknown
2603:8000:6242:8d00:ed92:8a08:3ff0:3e6f,2a02:6b8::1:119,TCP,443,,low
2a02:6b8::1:119,2603:8000:6242:8d00:ed92:8a08:3ff0:3e6f,TCP,57326,,unknown
2607:f8b0:4007:819::200a,2603:8000:6242:8d00:ed92:8a08:3ff0:3e6f,UDP,64970,,unknown
2607:f8b0:4007:818::2002,2603:8000:6242:8d00:ed92:8a08:3ff0:3e6f,UDP,54152,,unknown
2603:8000:6242:8d00:ed92:8a08:3ff0:3e6f,2607:f8b0:4007:814::2004,UDP,443,,low
2607:f8b0:4007:814::2004,2603:8000:6242:8d00:ed92:8a08:3ff0:3e6f,UDP,54097,,unknown
2607:f8b0:4007:818::2002,2603:8000:6242:8d00:ed92:8a08:3ff0:3e6f,UDP,62624,,unknown
2603:8000:6242:8d00:ed92:8a08:3ff0:3e6f,2a02:6b8::184,TCP,443,,low
2603:8000:6242:8d00:ed92:8a08:3ff0:3e6f,2a00:1148:db00::17,TCP,443,,low
2a00:1148:db00::17,2603:8000:6242:8d00:ed92:8a08:3ff0:3e6f,TCP,58843,,unknown
2a02:6b8::184,2603:8000:6242:8d00:ed92:8a08:3ff0:3e6f,TCP,58646,,unknown
2003:8:10:2:0:a10:985f:325a,2603:8000:6242:8d00:ed92:8a08:3ff0:3e6f,TCP,58846,,unknown
2a02:6b8::1:119,2603:8000:6242:8d00:ed92:8a08:3ff0:3e6f,TCP,57344,,unknown
2607:f8b0:4007:818::2001,2603:8000:6242:8d00:ed92:8a08:3ff0:3e6f,UDP,59175,,unknown
2603:8000:6242:8d00:ed92:8a08:3ff0:3e6f,2600:1406:4c00:186::24e8,TCP,443,,low
2603:8000:6242:8d00:ed92:8a08:3ff0:3e6f,2a02:6b8::90,TCP,443,,low
2607:f8b0:4007:803::2002,2603:8000:6242:8d00:ed92:8a08:3ff0:3e6f,UDP,60003,,unknown
2a02:6b8:a::a,2603:8000:6242:8d00:ed92:8a08:3ff0:3e6f,TCP,53837,,unknown
2600:1406:4c00:186::24e8,2603:8000:6242:8d00:ed92:8a08:3ff0:3e6f,TCP,58849,,unknown
2603:8000:6242:8d00:ed92:8a08:3ff0:3e6f,2607:f8b0:4007:814::200e,UDP,443,,low
2607:f8b0:4007:814::200e,2603:8000:6242:8d00:ed92:8a08:3ff0:3e6f,UDP,52809,,unknown
2a02:6b8::90,2603:8000:6242:8d00:ed92:8a08:3ff0:3e6f,TCP,53854,,unknown
2a02:6b8::1be,2603:8000:6242:8d00:ed92:8a08:3ff0:3e6f,TCP,58851,,unknown
2603:8000:6242:8d00:ed92:8a08:3ff0:3e6f,2607:f8b0:4007:810::200a,TCP,443,,low
2607:f8b0:4007:810::200a,2603:8000:6242:8d00:ed92:8a08:3ff0:3e6f,TCP,58497,,unknown
2603:8000:6242:8d00:ed92:8a08:3ff0:3e6f,2600:9000:249b:5000:19:b765:7880:93a1,TCP,443,,low
2600:9000:249b:5000:19:b765:7880:93a1,2603:8000:6242:8d00:ed92:8a08:3ff0:3e6f,TCP,57753,,unknown
2602:803:c001::200:144,2603:8000:6242:8d00:ed92:8a08:3ff0:3e6f,TCP,58737,,unknown
2603:8000:6242:8d00:ed92:8a08:3ff0:3e6f,2602:803:c001::200:144,TCP,443,,low
2603:8000:6242:8d00:ed92:8a08:3ff0:3e6f,2607:f8b0:4007:809::2003,TCP,443,,low
2607:f8b0:4007:809::2003,2603:8000:6242:8d00:ed92:8a08:3ff0:3e6f,TCP,58500,,unknown
2a00:1148:db00::17,2603:8000:6242:8d00:ed92:8a08:3ff0:3e6f,TCP,58853,,unknown
2a00:1148:db00::17,2603:8000:6242:8d00:ed92:8a08:3ff0:3e6f,TCP,58854,,unknown
2a02:6b8:a::a,2603:8000:6242:8d00:ed92:8a08:3ff0:3e6f,TCP,58496,,unknown
2a02:6b8:a::a,2603:8000:6242:8d00:ed92:8a08:3ff0:3e6f,TCP,58495,,unknown
2600:1406:4c00:194::11a6,2603:8000:6242:8d00:ed92:8a08:3ff0:3e6f,UDP,52109,,unknown
2603:8000:6242:8d00:ed92:8a08:3ff0:3e6f,2600:1406:4c00:194::11a6,UDP,443,,low
2607:f8b0:4007:815::2002,2603:8000:6242:8d00:ed92:8a08:3ff0:3e6f,UDP,58024,,unknown
2603:8000:6242:8d00:ed92:8a08:3ff0:3e6f,2a02:6b8::91,TCP,443,,low
2600:1406:4c00:1a9::24e8,2603:8000:6242:8d00:ed92:8a08:3ff0:3e6f,TCP,53895,,unknown
2603:8000:6242:8d00:ed92:8a08:3ff0:3e6f,2607:f8b0:4023:c03::bc,TCP,5228,,unknown
2a02:6b8::91,2603:8000:6242:8d00:ed92:8a08:3ff0:3e6f,TCP,57747,,unknown
2607:f8b0:4023:c03::bc,2603:8000:6242:8d00:ed92:8a08:3ff0:3e6f,TCP,53820,,unknown
2603:8000:6242:8d00:ed92:8a08:3ff0:3e6f,2607:f8b0:4007:815::200e,UDP,443,,low
2607:f8b0:4007:815::200e,2603:8000:6242:8d00:ed92:8a08:3ff0:3e6f,UDP,50137,,unknown
2603:8000:6242:8d00:ed92:8a08:3ff0:3e6f,2001:4860:4802:32::181,UDP,443,,low
2001:4860:4802:32::181,2603:8000:6242:8d00:ed92:8a08:3ff0:3e6f,UDP,65454,,unknown
2603:8000:6242:8d00:ed92:8a08:3ff0:3e6f,2600:9000:280a:5e00:1d:a46f:e440:93a1,UDP,443,,low
2600:9000:280a:5e00:1d:a46f:e440:93a1,2603:8000:6242:8d00:ed92:8a08:3ff0:3e6f,UDP,58855,,unknown
2a02:6b8::1:119,2603:8000:6242:8d00:ed92:8a08:3ff0:3e6f,TCP,58515,,unknown
2603:8000:6242:8d00:ed92:8a08:3ff0:3e6f,2a02:6b8::158,TCP,443,,low
2603:8000:6242:8d00:ed92:8a08:3ff0:3e6f,2607:f8b0:4007:813::200a,TCP,443,,low
2607:f8b0:4007:813::200a,2603:8000:6242:8d00:ed92:8a08:3ff0:3e6f,TCP,57762,,unknown
2a02:6b8:a::a,2603:8000:6242:8d00:ed92:8a08:3ff0:3e6f,TCP,58865,,unknown
2a02:6b8::158,2603:8000:6242:8d00:ed92:8a08:3ff0:3e6f,TCP,58866,,unknown
2603:8000:6242:8d00:ed92:8a08:3ff0:3e6f,2a02:6b8::402,TCP,443,,low
2603:8000:6242:8d00:ed92:8a08:3ff0:3e6f,2600:9000:2864:f400:8:48e:53c0:93a1,TCP,443,,low
2600:9000:2864:f400:8:48e:53c0:93a1,2603:8000:6242:8d00:ed92:8a08:3ff0:3e6f,TCP,58872,,unknown
2a02:6b8::402,2603:8000:6242:8d00:ed92:8a08:3ff0:3e6f,TCP,57322,,unknown
2607:f8b0:4007:814::200e,2603:8000:6242:8d00:ed92:8a08:3ff0:3e6f,UDP,61913,,unknown
2603:8000:6242:8d00:ed92:8a08:3ff0:3e6f,2600:1406:5e00:2a8::24e8,TCP,443,,low
2600:1406:5e00:2a8::24e8,2603:8000:6242:8d00:ed92:8a08:3ff0:3e6f,TCP,54116,,unknown
2603:8000:6242:8d00:ed92:8a08:3ff0:3e6f,2001:4998:28:800::4001,TCP,443,,low
2001:4998:28:800::4001,2603:8000:6242:8d00:ed92:8a08:3ff0:3e6f,TCP,58875,,unknown
2607:f8b0:4007:814::200e,2603:8000:6242:8d00:ed92:8a08:3ff0:3e6f,UDP,64658,,unknown
2001:1998:f00:2::1,2603:8000:6242:8d00:ed92:8a08:3ff0:3e6f,UDP,57229,main.vscode-cdn.net,unknown
2001:1998:f00:2::1,2603:8000:6242:8d00:ed92:8a08:3ff0:3e6f,UDP,50348,main.vscode-cdn.net,unknown
2001:1998:f00:2::1,2603:8000:6242:8d00:ed92:8a08:3ff0:3e6f,UDP,52157,main.vscode-cdn.net,unknown
2603:8000:6242:8d00:ed92:8a08:3ff0:3e6f,2620:1ec:bdf::71,TCP,443,,low
2620:1ec:bdf::71,2603:8000:6242:8d00:ed92:8a08:3ff0:3e6f,TCP,58876,,unknown
2603:8000:6242:8d00:ed92:8a08:3ff0:3e6f,2620:116:800c:140:37c0:e034:d7da:a98d,TCP,443,,low
2620:116:800c:140:37c0:e034:d7da:a98d,2603:8000:6242:8d00:ed92:8a08:3ff0:3e6f,TCP,58877,,unknown
2409:8c04:1001:105f:0:ff:b0c6:1e1b,2603:8000:6242:8d00:ed92:8a08:3ff0:3e6f,TCP,58643,,unknown
2603:8000:6242:8d00:ed92:8a08:3ff0:3e6f,2409:8c04:1001:105f:0:ff:b0c6:1e1b,TCP,443,,low
2603:8000:6242:8d00:ed92:8a08:3ff0:3e6f,2a03:2880:f10d:83:face:b00c:0:25de,UDP,443,,low
2a03:2880:f10d:83:face:b00c:0:25de,2603:8000:6242:8d00:ed92:8a08:3ff0:3e6f,UDP,50154,,unknown
2603:8000:6242:8d00:ed92:8a08:3ff0:3e6f,2600:1406:bc00:e85::2c79,TCP,443,,low
2600:1406:bc00:e85::2c79,2603:8000:6242:8d00:ed92:8a08:3ff0:3e6f,TCP,57803,,unknown
2603:8000:6242:8d00:ed92:8a08:3ff0:3e6f,2607:f8b0:4007:819::2003,UDP,443,,low
2607:f8b0:4007:819::2003,2603:8000:6242:8d00:ed92:8a08:3ff0:3e6f,UDP,55335,,unknown
2607:f8b0:4007:815::2002,2603:8000:6242:8d00:ed92:8a08:3ff0:3e6f,UDP,50300,,unknown
2603:8000:6242:8d00:ed92:8a08:3ff0:3e6f,2602:803:c001::200:196,TCP,443,,low
2602:803:c001::200:196,2603:8000:6242:8d00:ed92:8a08:3ff0:3e6f,TCP,58883,,unknown
2602:803:c001::200:196,2603:8000:6242:8d00:ed92:8a08:3ff0:3e6f,TCP,58884,,unknown
2607:f8b0:4007:818::2002,2603:8000:6242:8d00:ed92:8a08:3ff0:3e6f,UDP,62183,,unknown
2602:803:c001::200:196,2603:8000:6242:8d00:ed92:8a08:3ff0:3e6f,TCP,58888,,unknown
2607:f8b0:4007:818::2001,2603:8000:6242:8d00:ed92:8a08:3ff0:3e6f,UDP,58304,,unknown
2a02:6b8::1:119,2603:8000:6242:8d00:ed92:8a08:3ff0:3e6f,TCP,57656,,unknown
2607:f8b0:4007:815::2002,2603:8000:6242:8d00:ed92:8a08:3ff0:3e6f,UDP,49677,,unknown
2600:1406:4c00:194::11a6,2603:8000:6242:8d00:ed92:8a08:3ff0:3e6f,TCP,58689,,unknown
2603:8000:6242:8d00:ed92:8a08:3ff0:3e6f,2607:f8b0:4007:809::200a,UDP,443,,low
2607:f8b0:4007:809::200a,2603:8000:6242:8d00:ed92:8a08:3ff0:3e6f,UDP,51041,,unknown
2a02:6b8::1:119,2603:8000:6242:8d00:ed92:8a08:3ff0:3e6f,TCP,57335,,unknown
2603:8000:6242:8d00:ed92:8a08:3ff0:3e6f,2600:1406:5800::17db:2622,TCP,443,,low
2603:8000:6242:8d00:ed92:8a08:3ff0:3e6f,2600:1406:4e00:8::17dc:4bc5,TCP,443,,low
2600:1406:4e00:8::17dc:4bc5,2603:8000:6242:8d00:ed92:8a08:3ff0:3e6f,TCP,58581,,unknown
2a04:4e42:87::300,2603:8000:6242:8d00:ed92:8a08:3ff0:3e6f,TCP,57830,,unknown
2603:8000:6242:8d00:ed92:8a08:3ff0:3e6f,2600:9000:24da:6400:1:aa11:940:93a1,TCP,443,,low
2600:9000:24da:6400:1:aa11:940:93a1,2603:8000:6242:8d00:ed92:8a08:3ff0:3e6f,TCP,58590,,unknown
2603:8000:6242:8d00:ed92:8a08:3ff0:3e6f,2607:f8b0:4007:814::2002,UDP,443,,low
2607:f8b0:4007:814::2002,2603:8000:6242:8d00:ed92:8a08:3ff0:3e6f,UDP,49264,,unknown
2603:8000:6242:8d00:ed92:8a08:3ff0:3e6f,2a02:6b8::428,TCP,443,,low
2603:8000:6242:8d00:ed92:8a08:3ff0:3e6f,2600:9000:2364:7a00:12:44e4:45c0:93a1,TCP,443,,low
2600:9000:2364:7a00:12:44e4:45c0:93a1,2603:8000:6242:8d00:ed92:8a08:3ff0:3e6f,TCP,58596,,unknown
2603:8000:6242:8d00:ed92:8a08:3ff0:3e6f,2001:4860:4802:32::3,UDP,443,,low
2a02:6b8::428,2603:8000:6242:8d00:ed92:8a08:3ff0:3e6f,TCP,58608,,unknown
2001:4860:4802:32::3,2603:8000:6242:8d00:ed92:8a08:3ff0:3e6f,UDP,63326,,unknown
2607:f8b0:4007:803::2002,2603:8000:6242:8d00:ed92:8a08:3ff0:3e6f,UDP,54702,,unknown
2001:4860:4802:32::3,2603:8000:6242:8d00:ed92:8a08:3ff0:3e6f,TCP,58929,,unknown
2607:f8b0:4007:809::2002,2603:8000:6242:8d00:ed92:8a08:3ff0:3e6f,UDP,62901,,unknown
2603:8000:6242:8d00:ed92:8a08:3ff0:3e6f,2600:9000:24ba:4000:1:5a19:8b40:93a1,TCP,443,,low
2600:9000:24ba:4000:1:5a19:8b40:93a1,2603:8000:6242:8d00:ed92:8a08:3ff0:3e6f,TCP,56974,,unknown
2607:f8b0:4007:803::2002,2603:8000:6242:8d00:ed92:8a08:3ff0:3e6f,UDP,53912,,unknown
2603:8000:6242:8d00:ed92:8a08:3ff0:3e6f,2620:100:a005::d,TCP,443,,low
2620:100:a005::d,2603:8000:6242:8d00:ed92:8a08:3ff0:3e6f,TCP,57660,,unknown
2620:100:a005::d,2603:8000:6242:8d00:ed92:8a08:3ff0:3e6f,TCP,57663,,unknown
2602:803:c001::200:144,2603:8000:6242:8d00:ed92:8a08:3ff0:3e6f,TCP,56956,,unknown
2603:8000:6242:8d00:ed92:8a08:3ff0:3e6f,2600:9000:2864:a00:6:e98:4640:93a1,TCP,443,,low
2600:9000:2864:a00:6:e98:4640:93a1,2603:8000:6242:8d00:ed92:8a08:3ff0:3e6f,TCP,56977,,unknown
2603:8000:6242:8d00:ed92:8a08:3ff0:3e6f,2607:f8b0:4007:80a::200a,TCP,443,,low
2607:f8b0:4007:80a::200a,2603:8000:6242:8d00:ed92:8a08:3ff0:3e6f,TCP,57445,,unknown
2607:f8b0:4007:814::200e,2603:8000:6242:8d00:ed92:8a08:3ff0:3e6f,TCP,57435,,unknown
2603:8000:6242:8d00:ed92:8a08:3ff0:3e6f,2a02:6b8:23::225,TCP,443,,low
2603:8000:6242:8d00:ed92:8a08:3ff0:3e6f,2600:9000:249b:f200:10:3798:4a80:93a1,TCP,443,,low
2600:9000:249b:f200:10:3798:4a80:93a1,2603:8000:6242:8d00:ed92:8a08:3ff0:3e6f,TCP,57448,,unknown
2a02:6b8:23::225,2603:8000:6242:8d00:ed92:8a08:3ff0:3e6f,TCP,58498,,unknown
2607:f8b0:4007:80f::2004,2603:8000:6242:8d00:ed92:8a08:3ff0:3e6f,UDP,63057,,unknown
2603:8000:6242:8d00:ed92:8a08:3ff0:3e6f,2600:1f18:1aca:4281:4b4e:1d55:3209:a823,TCP,443,,low
2603:8000:6242:8d00:ed92:8a08:3ff0:3e6f,2600:1406:bc00:687::1e80,TCP,443,,low
2600:1f18:1aca:4281:4b4e:1d55:3209:a823,2603:8000:6242:8d00:ed92:8a08:3ff0:3e6f,TCP,57568,,unknown
2600:1406:bc00:687::1e80,2603:8000:6242:8d00:ed92:8a08:3ff0:3e6f,TCP,58633,,unknown
2607:f8b0:4007:814::2002,2603:8000:6242:8d00:ed92:8a08:3ff0:3e6f,UDP,62237,,unknown
2603:8000:6242:8d00:ed92:8a08:3ff0:3e6f,2607:f8b0:4023:1411::5e,TCP,443,,low
2607:f8b0:4023:1411::5e,2603:8000:6242:8d00:ed92:8a08:3ff0:3e6f,TCP,57338,,unknown
2603:8000:6242:8d00:ed92:8a08:3ff0:3e6f,2600:9000:265c:f000:1:9777:c740:21,TCP,443,,low
2600:9000:265c:f000:1:9777:c740:21,2603:8000:6242:8d00:ed92:8a08:3ff0:3e6f,TCP,58632,,unknown
2620:100:a005::d,2603:8000:6242:8d00:ed92:8a08:3ff0:3e6f,TCP,57541,,unknown
2603:8000:6242:8d00:ed92:8a08:3ff0:3e6f,2001:6d0:4001::226,TCP,443,,low
2001:6d0:4001::226,2603:8000:6242:8d00:ed92:8a08:3ff0:3e6f,TCP,58516,,unknown
2603:8000:6242:8d00:ed92:8a08:3ff0:3e6f,2620:100:a005::2c,TCP,443,,low
2620:100:a005::2c,2603:8000:6242:8d00:ed92:8a08:3ff0:3e6f,TCP,58956,,unknown
2603:8000:6242:8d00:ed92:8a08:3ff0:3e6f,2620:112:f006:bbbb::12,TCP,443,,low
2620:112:f006:bbbb::12,2603:8000:6242:8d00:ed92:8a08:3ff0:3e6f,TCP,58958,,unknown
2603:8000:6242:8d00:ed92:8a08:3ff0:3e6f,2a02:6b8::36,TCP,443,,low
2a02:6b8::1:119,2603:8000:6242:8d00:ed92:8a08:3ff0:3e6f,TCP,57492,,unknown
2a02:6b8::36,2603:8000:6242:8d00:ed92:8a08:3ff0:3e6f,TCP,57596,,unknown
2600:1f13:d60:4f05:14cf:41b9:a88f:22aa,2603:8000:6242:8d00:ed92:8a08:3ff0:3e6f,TCP,58959,,unknown
2603:8000:6242:8d00:ed92:8a08:3ff0:3e6f,2607:f8b0:4007:815::2001,TCP,443,,low
2607:f8b0:4007:815::2001,2603:8000:6242:8d00:ed92:8a08:3ff0:3e6f,TCP,57520,,unknown
2600:1406:4e00:8::17dc:4bc5,2603:8000:6242:8d00:ed92:8a08:3ff0:3e6f,TCP,58641,,unknown
2001:6d0:4001::226,2603:8000:6242:8d00:ed92:8a08:3ff0:3e6f,TCP,58659,,unknown
2600:9000:24ba:4000:1:5a19:8b40:93a1,2603:8000:6242:8d00:ed92:8a08:3ff0:3e6f,TCP,56952,,unknown
2603:8000:6242:8d00:ed92:8a08:3ff0:3e6f,2600:1406:4c00:18d::11a6,TCP,443,,low
2600:1406:4c00:18d::11a6,2603:8000:6242:8d00:ed92:8a08:3ff0:3e6f,TCP,58610,,unknown
2603:8000:6242:8d00:ed92:8a08:3ff0:3e6f,2600:1406:5e00:49::17ce:e5a4,TCP,443,,low
2600:1406:5e00:49::17ce:e5a4,2603:8000:6242:8d00:ed92:8a08:3ff0:3e6f,TCP,58612,,unknown
2001:1998:f00:2::1,2603:8000:6242:8d00:ed92:8a08:3ff0:3e6f,UDP,56844,dsadata.intel.com,unknown
2001:1998:f00:2::1,2603:8000:6242:8d00:ed92:8a08:3ff0:3e6f,UDP,55458,dsadata.intel.com,unknown
2603:8000:6242:8d00:ed92:8a08:3ff0:3e6f,2600:1406:bc00:11::b81c:4e94,TCP,443,,low
2600:1406:bc00:11::b81c:4e94,2603:8000:6242:8d00:ed92:8a08:3ff0:3e6f,TCP,58977,,unknown
2603:8000:6242:8d00:ed92:8a08:3ff0:3e6f,2a13:1ec0::1037,TCP,443,,low
2a13:1ec0::1037,2603:8000:6242:8d00:ed92:8a08:3ff0:3e6f,TCP,58674,,unknown
2a02:6b8:a::a,2603:8000:6242:8d00:ed92:8a08:3ff0:3e6f,TCP,54119,,unknown
2603:8000:6242:8d00:ed92:8a08:3ff0:3e6f,2a04:4e42:11::396,TCP,443,,low
2a04:4e42:11::396,2603:8000:6242:8d00:ed92:8a08:3ff0:3e6f,TCP,53938,,unknown
2603:8000:6242:8d00:ed92:8a08:3ff0:3e6f,2600:9000:24b9:9400:4:b37b:9440:93a1,TCP,443,,low
2600:9000:24b9:9400:4:b37b:9440:93a1,2603:8000:6242:8d00:ed92:8a08:3ff0:3e6f,TCP,58693,,unknown
2607:f8b0:4007:814::200e,2603:8000:6242:8d00:ed92:8a08:3ff0:3e6f,TCP,57590,,unknown
2603:8000:6242:8d00:ed92:8a08:3ff0:3e6f,2a02:6ea0:c800::25,TCP,443,,low
2a02:6ea0:c800::25,2603:8000:6242:8d00:ed92:8a08:3ff0:3e6f,TCP,58694,,unknown
2a02:6b8::90,2603:8000:6242:8d00:ed92:8a08:3ff0:3e6f,TCP,57574,,unknown
2603:8000:6242:8d00:ed92:8a08:3ff0:3e6f,2a04:4e42:87::396,TCP,443,,low
2a04:4e42:87::396,2603:8000:6242:8d00:ed92:8a08:3ff0:3e6f,TCP,55683,,unknown
2a04:4e42:87::714,2603:8000:6242:8d00:ed92:8a08:3ff0:3e6f,TCP,57622,,unknown
2603:8000:6242:8d00:ed92:8a08:3ff0:3e6f,2607:f8b0:4007:818::200a,TCP,443,,low
2607:f8b0:4007:818::200a,2603:8000:6242:8d00:ed92:8a08:3ff0:3e6f,TCP,57597,,unknown
2607:f8b0:4007:814::200e,2603:8000:6242:8d00:ed92:8a08:3ff0:3e6f,TCP,57584,,unknown
2a04:4e42:87::714,2603:8000:6242:8d00:ed92:8a08:3ff0:3e6f,TCP,53919,,unknown
2603:8000:6242:8d00:ed92:8a08:3ff0:3e6f,2600:1406:5e00:4a::17ce:e586,TCP,443,,low
2600:1406:5e00:4a::17ce:e586,2603:8000:6242:8d00:ed92:8a08:3ff0:3e6f,TCP,57895,,unknown
2603:8000:6242:8d00:ed92:8a08:3ff0:3e6f,2600:1901:1:7c5::,TCP,443,,low
2600:1901:1:7c5::,2603:8000:6242:8d00:ed92:8a08:3ff0:3e6f,TCP,58717,,unknown
2600:1406:5e00:4a::17ce:e586,2603:8000:6242:8d00:ed92:8a08:3ff0:3e6f,TCP,57896,,unknown
2a04:4e42:11::396,2603:8000:6242:8d00:ed92:8a08:3ff0:3e6f,TCP,54010,,unknown
2603:8000:6242:8d00:ed92:8a08:3ff0:3e6f,2620:1ec:33::10,TCP,443,,low
2620:1ec:33::10,2603:8000:6242:8d00:ed92:8a08:3ff0:3e6f,TCP,57471,,unknown
2603:8000:6242:8d00:ed92:8a08:3ff0:3e6f,2607:f8b0:4002:c0f::5e,UDP,443,,low
2607:f8b0:4002:c0f::5e,2603:8000:6242:8d00:ed92:8a08:3ff0:3e6f,UDP,64034,,unknown
2607:f8b0:4002:c0f::5e,2603:8000:6242:8d00:ed92:8a08:3ff0:3e6f,UDP,57990,,unknown
2603:8000:6242:8d00:ed92:8a08:3ff0:3e6f,2600:9000:265c:200:1:9777:c740:21,TCP,443,,low
2600:9000:265c:200:1:9777:c740:21,2603:8000:6242:8d00:ed92:8a08:3ff0:3e6f,TCP,57523,,unknown
2a02:6b8::184,2603:8000:6242:8d00:ed92:8a08:3ff0:3e6f,TCP,58505,,unknown
2607:f8b0:4007:801::200a,2603:8000:6242:8d00:ed92:8a08:3ff0:3e6f,UDP,55221,,unknown
2607:f8b0:4007:814::200e,2603:8000:6242:8d00:ed92:8a08:3ff0:3e6f,TCP,59008,,unknown
2603:8000:6242:8d00:ed92:8a08:3ff0:3e6f,2607:f8b0:4007:814::200a,TCP,443,,low
2607:f8b0:4007:814::200a,2603:8000:6242:8d00:ed92:8a08:3ff0:3e6f,TCP,59009,,unknown
2607:f8b0:4007:814::200a,2603:8000:6242:8d00:ed92:8a08:3ff0:3e6f,UDP,56247,,unknown
2603:8000:6242:8d00:ed92:8a08:3ff0:3e6f,2600:9000:280a:3600:6:5b96:3f00:93a1,TCP,443,,low
2600:9000:280a:3600:6:5b96:3f00:93a1,2603:8000:6242:8d00:ed92:8a08:3ff0:3e6f,TCP,58604,,unknown
2a02:6b8:a::a,2603:8000:6242:8d00:ed92:8a08:3ff0:3e6f,TCP,57646,,unknown
2603:8000:6242:8d00:ed92:8a08:3ff0:3e6f,2600:9000:265c:3200:6:9eb2:5cc0:93a1,TCP,443,,low
2600:9000:265c:3200:6:9eb2:5cc0:93a1,2603:8000:6242:8d00:ed92:8a08:3ff0:3e6f,TCP,58589,,unknown
2603:8000:6242:8d00:ed92:8a08:3ff0:3e6f,2a00:ab00:1103:3a:45:138:161:81,TCP,443,,low
2a00:ab00:1103:3a:45:138:161:81,2603:8000:6242:8d00:ed92:8a08:3ff0:3e6f,TCP,57654,,unknown
2001:6d0:4001::226,2603:8000:6242:8d00:ed92:8a08:3ff0:3e6f,TCP,58768,,unknown
2607:f8b0:4007:80a::200a,2603:8000:6242:8d00:ed92:8a08:3ff0:3e6f,TCP,57686,,unknown
2603:8000:6242:8d00:ed92:8a08:3ff0:3e6f,2607:f8b0:4007:809::200e,UDP,443,,low
2607:f8b0:4007:809::200e,2603:8000:6242:8d00:ed92:8a08:3ff0:3e6f,UDP,51301,,unknown
2603:8000:6242:8d00:ed92:8a08:3ff0:3e6f,2001:dc2:1000:2006::80:1,TCP,443,,low
2607:f8b0:4007:819::200a,2603:8000:6242:8d00:ed92:8a08:3ff0:3e6f,UDP,52695,,unknown
2001:dc2:1000:2006::80:1,2603:8000:6242:8d00:ed92:8a08:3ff0:3e6f,TCP,59040,,unknown
2001:1998:f00:2::1,2603:8000:6242:8d00:ed92:8a08:3ff0:3e6f,UDP,49659,wpad.search.charter.net,unknown
2001:1998:f00:2::1,2603:8000:6242:8d00:ed92:8a08:3ff0:3e6f,UDP,53779,wpad.search.charter.net,unknown
2001:1998:f00:2::1,2603:8000:6242:8d00:ed92:8a08:3ff0:3e6f,UDP,51953,wpad.search.charter.net,unknown
2001:1998:f00:2::1,2603:8000:6242:8d00:ed92:8a08:3ff0:3e6f,UDP,60047,wpad.search.charter.net,unknown
2001:1998:f00:2::1,2603:8000:6242:8d00:ed92:8a08:3ff0:3e6f,UDP,57840,wpad.search.charter.net,unknown
2603:8000:6242:8d00:ed92:8a08:3ff0:3e6f,2001:1998:f00:2::1,Other,0,wpad.search.charter.net,unknown
2600:6c7f:f000:202::7,2603:8000:6242:8d00:ed92:8a08:3ff0:3e6f,TCP,59041,,unknown
2603:8000:6242:8d00:ed92:8a08:3ff0:3e6f,2607:f8b0:4007:80a::200e,UDP,443,,low
2607:f8b0:4007:80a::200e,2603:8000:6242:8d00:ed92:8a08:3ff0:3e6f,UDP,56553,,unknown
2603:8000:6242:8d00:ed92:8a08:3ff0:3e6f,2607:f8b0:4007:818::200e,UDP,443,,low
2607:f8b0:4007:818::200e,2603:8000:6242:8d00:ed92:8a08:3ff0:3e6f,UDP,57822,,unknown
2607:f8b0:4007:814::2004,2603:8000:6242:8d00:ed92:8a08:3ff0:3e6f,UDP,58981,,unknown
2607:f8b0:4007:814::2004,2603:8000:6242:8d00:ed92:8a08:3ff0:3e6f,TCP,59042,,unknown
2607:f8b0:4007:814::200e,2603:8000:6242:8d00:ed92:8a08:3ff0:3e6f,TCP,59043,,unknown
2607:f8b0:4007:809::2003,2603:8000:6242:8d00:ed92:8a08:3ff0:3e6f,TCP,59044,,unknown
2603:8000:6242:8d00:ed92:8a08:3ff0:3e6f,2607:f8b0:4007:816::200e,TCP,443,,low
2607:f8b0:4007:816::200e,2603:8000:6242:8d00:ed92:8a08:3ff0:3e6f,TCP,59046,,unknown
2607:f8b0:4007:816::200e,2603:8000:6242:8d00:ed92:8a08:3ff0:3e6f,TCP,59045,,unknown
2607:f8b0:4007:816::200e,2603:8000:6242:8d00:ed92:8a08:3ff0:3e6f,TCP,59047,,unknown
2607:f8b0:4007:816::200e,2603:8000:6242:8d00:ed92:8a08:3ff0:3e6f,UDP,50156,,unknown
2603:8000:6242:8d00:ed92:8a08:3ff0:3e6f,2607:f8b0:4007:813::2016,TCP,443,,low
2607:f8b0:4007:813::2016,2603:8000:6242:8d00:ed92:8a08:3ff0:3e6f,TCP,59048,,unknown
2603:8000:6242:8d00:ed92:8a08:3ff0:3e6f,2607:f8b0:4007:815::2003,UDP,443,,low
2607:f8b0:4007:815::2003,2603:8000:6242:8d00:ed92:8a08:3ff0:3e6f,UDP,63417,,unknown
2607:f8b0:4007:814::200a,2603:8000:6242:8d00:ed92:8a08:3ff0:3e6f,TCP,59051,,unknown
2607:f8b0:4007:814::200e,2603:8000:6242:8d00:ed92:8a08:3ff0:3e6f,UDP,62719,,unknown
2607:f8b0:4007:815::2003,2603:8000:6242:8d00:ed92:8a08:3ff0:3e6f,UDP,50386,,unknown
2607:f8b0:4007:809::200a,2603:8000:6242:8d00:ed92:8a08:3ff0:3e6f,TCP,59057,,unknown
2603:8000:6242:8d00:ed92:8a08:3ff0:3e6f,2600:1406:4e00:8::17dc:4bd3,TCP,443,,low
2600:1406:4e00:8::17dc:4bd3,2603:8000:6242:8d00:ed92:8a08:3ff0:3e6f,TCP,59058,,unknown
2603:8000:6242:8d00:ed92:8a08:3ff0:3e6f,2600:1406:4e00:1a::1738:6d2a,TCP,443,,low
2600:1406:4e00:1a::1738:6d2a,2603:8000:6242:8d00:ed92:8a08:3ff0:3e6f,TCP,59059,,unknown
2607:f8b0:4002:c0f::5e,2603:8000:6242:8d00:ed92:8a08:3ff0:3e6f,UDP,62007,,unknown
2607:f8b0:4007:814::200a,2603:8000:6242:8d00:ed92:8a08:3ff0:3e6f,UDP,50298,,unknown
2607:f8b0:4007:809::200a,2603:8000:6242:8d00:ed92:8a08:3ff0:3e6f,TCP,59060,,unknown
2607:f8b0:4007:809::200a,2603:8000:6242:8d00:ed92:8a08:3ff0:3e6f,UDP,61413,,unknown
2607:f8b0:4007:814::2002,2603:8000:6242:8d00:ed92:8a08:3ff0:3e6f,UDP,56907,,unknown
2603:8000:6242:8d00:ed92:8a08:3ff0:3e6f,2607:f8b0:4007:810::2006,TCP,443,,low
2607:f8b0:4007:810::2006,2603:8000:6242:8d00:ed92:8a08:3ff0:3e6f,TCP,59062,,unknown
2607:f8b0:4007:810::200a,2603:8000:6242:8d00:ed92:8a08:3ff0:3e6f,UDP,62568,,unknown
2607:f8b0:4007:815::2003,2603:8000:6242:8d00:ed92:8a08:3ff0:3e6f,UDP,60660,,unknown
2603:8000:6242:8d00:ed92:8a08:3ff0:3e6f,2600:1406:4c00:185::11a6,TCP,443,,low
2600:1406:4c00:185::11a6,2603:8000:6242:8d00:ed92:8a08:3ff0:3e6f,TCP,59065,,unknown
2603:8000:6242:8d00:ed92:8a08:3ff0:3e6f,2600:1406:5e00:4a::17ce:e591,TCP,443,,low
2600:1406:5e00:4a::17ce:e591,2603:8000:6242:8d00:ed92:8a08:3ff0:3e6f,TCP,59066,,unknown
2600:1406:4c00:194::11a6,2603:8000:6242:8d00:ed92:8a08:3ff0:3e6f,UDP,50593,,unknown
2607:f8b0:4007:819::200a,2603:8000:6242:8d00:ed92:8a08:3ff0:3e6f,TCP,59071,,unknown
2001:4860:4802:32::3,2603:8000:6242:8d00:ed92:8a08:3ff0:3e6f,UDP,60737,,unknown
2001:4860:4802:32::181,2603:8000:6242:8d00:ed92:8a08:3ff0:3e6f,UDP,58559,,unknown
2001:4860:4802:32::181,2603:8000:6242:8d00:ed92:8a08:3ff0:3e6f,TCP,59072,,unknown
2600:1406:4c00:1a9::24e8,2603:8000:6242:8d00:ed92:8a08:3ff0:3e6f,TCP,59073,,unknown
2607:f8b0:4007:815::2003,2603:8000:6242:8d00:ed92:8a08:3ff0:3e6f,UDP,56550,,unknown
2600:1406:4c00:186::24e8,2603:8000:6242:8d00:ed92:8a08:3ff0:3e6f,TCP,59074,,unknown
2600:1406:5e00:2a8::24e8,2603:8000:6242:8d00:ed92:8a08:3ff0:3e6f,TCP,59075,,unknown
2607:f8b0:4007:809::200a,2603:8000:6242:8d00:ed92:8a08:3ff0:3e6f,TCP,59076,,unknown
2607:f8b0:4007:809::200a,2603:8000:6242:8d00:ed92:8a08:3ff0:3e6f,UDP,55666,,unknown
2607:f8b0:4007:818::200e,2603:8000:6242:8d00:ed92:8a08:3ff0:3e6f,TCP,59077,,unknown
2607:f8b0:4007:818::200e,2603:8000:6242:8d00:ed92:8a08:3ff0:3e6f,TCP,59078,,unknown
2603:8000:6242:8d00:ed92:8a08:3ff0:3e6f,2607:f8b0:4007:819::2008,UDP,443,,low
2607:f8b0:4007:819::2008,2603:8000:6242:8d00:ed92:8a08:3ff0:3e6f,UDP,56301,,unknown
2a04:4e42:87::300,2603:8000:6242:8d00:ed92:8a08:3ff0:3e6f,TCP,59079,,unknown
2607:f8b0:4007:818::200e,2603:8000:6242:8d00:ed92:8a08:3ff0:3e6f,UDP,58045,,unknown
2607:f8b0:4007:803::2002,2603:8000:6242:8d00:ed92:8a08:3ff0:3e6f,UDP,52686,,unknown
2603:8000:6242:8d00:ed92:8a08:3ff0:3e6f,2607:f8b0:4007:816::2002,UDP,443,,low
2607:f8b0:4007:809::2002,2603:8000:6242:8d00:ed92:8a08:3ff0:3e6f,UDP,57587,,unknown
2607:f8b0:4007:816::2002,2603:8000:6242:8d00:ed92:8a08:3ff0:3e6f,UDP,59673,,unknown
2607:f8b0:4007:809::2002,2603:8000:6242:8d00:ed92:8a08:3ff0:3e6f,UDP,64199,,unknown
2600:1406:4c00:186::24e8,2603:8000:6242:8d00:ed92:8a08:3ff0:3e6f,TCP,59084,,unknown
2600:1406:4c00:186::24e8,2603:8000:6242:8d00:ed92:8a08:3ff0:3e6f,TCP,59086,,unknown
2600:1406:5e00:2a8::24e8,2603:8000:6242:8d00:ed92:8a08:3ff0:3e6f,TCP,59087,,unknown
2607:f8b0:4007:80f::2004,2603:8000:6242:8d00:ed92:8a08:3ff0:3e6f,UDP,56886,,unknown
2607:f8b0:4007:809::2002,2603:8000:6242:8d00:ed92:8a08:3ff0:3e6f,UDP,63406,,unknown
2602:803:c001::200:144,2603:8000:6242:8d00:ed92:8a08:3ff0:3e6f,TCP,59098,,unknown
2607:f8b0:4007:814::200a,2603:8000:6242:8d00:ed92:8a08:3ff0:3e6f,TCP,59099,,unknown
2607:f8b0:4007:809::2002,2603:8000:6242:8d00:ed92:8a08:3ff0:3e6f,UDP,60391,,unknown
2603:8000:6242:8d00:ed92:8a08:3ff0:3e6f,2600:9000:211d:5800:10:43f:4340:93a1,TCP,443,,low
2600:9000:211d:5800:10:43f:4340:93a1,2603:8000:6242:8d00:ed92:8a08:3ff0:3e6f,TCP,59101,,unknown
2001:1998:f00:2::1,2603:8000:6242:8d00:ed92:8a08:3ff0:3e6f,UDP,57585,westus-0.in.applicationinsights.azure.com,unknown
2001:1998:f00:2::1,2603:8000:6242:8d00:ed92:8a08:3ff0:3e6f,UDP,62085,westus-0.in.applicationinsights.azure.com,unknown
2600:6c7f:f000:202::7,2603:8000:6242:8d00:ed92:8a08:3ff0:3e6f,TCP,58310,,unknown
2600:6c7f:f000:202::7,2603:8000:6242:8d00:ed92:8a08:3ff0:3e6f,TCP,49958,,unknown
2607:f8b0:4007:813::2016,2603:8000:6242:8d00:ed92:8a08:3ff0:3e6f,UDP,55476,,unknown
2603:8000:6242:8d00:ed92:8a08:3ff0:3e6f,2607:f8b0:4007:809::2001,TCP,443,,low
2607:f8b0:4007:809::2001,2603:8000:6242:8d00:ed92:8a08:3ff0:3e6f,TCP,51705,,unknown
2607:f8b0:4007:809::2002,2603:8000:6242:8d00:ed92:8a08:3ff0:3e6f,UDP,57856,,unknown
2607:f8b0:4007:814::2004,2603:8000:6242:8d00:ed92:8a08:3ff0:3e6f,UDP,62290,,unknown
2607:f8b0:4007:814::200e,2603:8000:6242:8d00:ed92:8a08:3ff0:3e6f,TCP,51722,,unknown
2607:f8b0:4007:814::200a,2603:8000:6242:8d00:ed92:8a08:3ff0:3e6f,UDP,49535,,unknown
2607:f8b0:4007:819::200a,2603:8000:6242:8d00:ed92:8a08:3ff0:3e6f,TCP,51723,,unknown
2607:f8b0:4007:814::200a,2603:8000:6242:8d00:ed92:8a08:3ff0:3e6f,TCP,51724,,unknown
2607:f8b0:4007:809::200a,2603:8000:6242:8d00:ed92:8a08:3ff0:3e6f,UDP,62337,,unknown
2607:f8b0:4007:819::200a,2603:8000:6242:8d00:ed92:8a08:3ff0:3e6f,UDP,61461,,unknown
2607:f8b0:4007:815::200e,2603:8000:6242:8d00:ed92:8a08:3ff0:3e6f,TCP,51727,,unknown
2607:f8b0:4007:815::200e,2603:8000:6242:8d00:ed92:8a08:3ff0:3e6f,TCP,51726,,unknown
2607:f8b0:4007:809::200a,2603:8000:6242:8d00:ed92:8a08:3ff0:3e6f,UDP,55627,,unknown
2607:f8b0:4007:814::200e,2603:8000:6242:8d00:ed92:8a08:3ff0:3e6f,UDP,49211,,unknown
2607:f8b0:4007:815::200e,2603:8000:6242:8d00:ed92:8a08:3ff0:3e6f,UDP,60943,,unknown
2603:8000:6242:8d00:ed92:8a08:3ff0:3e6f,2606:50c0:8002::154,TCP,443,,low
2606:50c0:8002::154,2603:8000:6242:8d00:ed92:8a08:3ff0:3e6f,TCP,51728,,unknown
2607:f8b0:4007:809::200a,2603:8000:6242:8d00:ed92:8a08:3ff0:3e6f,TCP,51740,,unknown
2607:f8b0:4002:c0f::5e,2603:8000:6242:8d00:ed92:8a08:3ff0:3e6f,UDP,52106,,unknown
2603:8000:6242:8d00:ed92:8a08:3ff0:3e6f,2600:6c7f:f000:202::8,TCP,443,,low
2600:6c7f:f000:202::8,2603:8000:6242:8d00:ed92:8a08:3ff0:3e6f,TCP,51746,,unknown
2607:f8b0:4007:801::200a,2603:8000:6242:8d00:ed92:8a08:3ff0:3e6f,TCP,51782,,unknown
2603:8000:6242:8d00:ed92:8a08:3ff0:3e6f,2607:f8b0:4007:817::200e,TCP,443,,low
2603:8000:6242:8d00:ed92:8a08:3ff0:3e6f,2600:1406:5800::b832:1b69,TCP,443,,low
2607:f8b0:4007:817::200e,2603:8000:6242:8d00:ed92:8a08:3ff0:3e6f,TCP,51785,,unknown
2600:1406:5800::b832:1b69,2603:8000:6242:8d00:ed92:8a08:3ff0:3e6f,TCP,51787,,unknown
2603:8000:6242:8d00:ed92:8a08:3ff0:3e6f,2600:1406:5800::b832:1b60,TCP,443,,low
2600:1406:5800::b832:1b60,2603:8000:6242:8d00:ed92:8a08:3ff0:3e6f,TCP,51791,,unknown
2603:8000:6242:8d00:ed92:8a08:3ff0:3e6f,2a04:4e42:11::485,TCP,443,,low
2a04:4e42:11::485,2603:8000:6242:8d00:ed92:8a08:3ff0:3e6f,TCP,51792,,unknown
2603:8000:6242:8d00:ed92:8a08:3ff0:3e6f,2620:100:a005::17,TCP,443,,low
2620:100:a005::17,2603:8000:6242:8d00:ed92:8a08:3ff0:3e6f,TCP,51799,,unknown
2603:8000:6242:8d00:ed92:8a08:3ff0:3e6f,2620:100:a005::22,TCP,443,,low
2620:100:a005::d,2603:8000:6242:8d00:ed92:8a08:3ff0:3e6f,TCP,51809,,unknown
2620:100:a005::22,2603:8000:6242:8d00:ed92:8a08:3ff0:3e6f,TCP,51810,,unknown
2600:1406:5800::b832:1b60,2603:8000:6242:8d00:ed92:8a08:3ff0:3e6f,TCP,51811,,unknown
2607:f8b0:4007:819::2008,2603:8000:6242:8d00:ed92:8a08:3ff0:3e6f,TCP,51814,,unknown
2603:8000:6242:8d00:ed92:8a08:3ff0:3e6f,2a03:2880:f00d:8:face:b00c:0:1,UDP,443,,low
2a03:2880:f00d:8:face:b00c:0:1,2603:8000:6242:8d00:ed92:8a08:3ff0:3e6f,UDP,64758,,unknown
2607:f8b0:4007:816::200e,2603:8000:6242:8d00:ed92:8a08:3ff0:3e6f,TCP,51817,,unknown
2603:8000:6242:8d00:ed92:8a08:3ff0:3e6f,2600:1406:4e00:8::17dc:4bcf,TCP,443,,low
2a04:4e42:11::485,2603:8000:6242:8d00:ed92:8a08:3ff0:3e6f,TCP,51819,,unknown
2600:1406:4e00:8::17dc:4bcf,2603:8000:6242:8d00:ed92:8a08:3ff0:3e6f,TCP,51820,,unknown
2607:f8b0:4007:819::2008,2603:8000:6242:8d00:ed92:8a08:3ff0:3e6f,UDP,61988,,unknown
2a03:2880:f00d:8:face:b00c:0:1,2603:8000:6242:8d00:ed92:8a08:3ff0:3e6f,UDP,54626,,unknown
2607:f8b0:4007:816::200e,2603:8000:6242:8d00:ed92:8a08:3ff0:3e6f,UDP,54396,,unknown
2607:f8b0:4007:814::200a,2603:8000:6242:8d00:ed92:8a08:3ff0:3e6f,TCP,51827,,unknown
2607:f8b0:4007:819::2008,2603:8000:6242:8d00:ed92:8a08:3ff0:3e6f,TCP,51828,,unknown
2607:f8b0:4007:818::200e,2603:8000:6242:8d00:ed92:8a08:3ff0:3e6f,TCP,51829,,unknown
2620:1ec:bdf::71,2603:8000:6242:8d00:ed92:8a08:3ff0:3e6f,TCP,51831,,unknown
2607:f8b0:4007:816::200e,2603:8000:6242:8d00:ed92:8a08:3ff0:3e6f,TCP,51833,,unknown
2a03:2880:f10d:83:face:b00c:0:25de,2603:8000:6242:8d00:ed92:8a08:3ff0:3e6f,UDP,64452,,unknown
2a03:2880:f10d:83:face:b00c:0:25de,2603:8000:6242:8d00:ed92:8a08:3ff0:3e6f,UDP,60145,,unknown
2001:4860:4802:32::181,2603:8000:6242:8d00:ed92:8a08:3ff0:3e6f,TCP,51836,,unknown
2607:f8b0:4007:816::200e,2603:8000:6242:8d00:ed92:8a08:3ff0:3e6f,UDP,64482,,unknown
2607:f8b0:4007:801::2002,2603:8000:6242:8d00:ed92:8a08:3ff0:3e6f,TCP,51838,,unknown
2001:4860:4802:32::181,2603:8000:6242:8d00:ed92:8a08:3ff0:3e6f,TCP,51837,,unknown
2001:4860:4802:32::181,2603:8000:6242:8d00:ed92:8a08:3ff0:3e6f,TCP,51839,,unknown
2607:f8b0:4007:813::2016,2603:8000:6242:8d00:ed92:8a08:3ff0:3e6f,TCP,51841,,unknown
2607:f8b0:4007:814::2002,2603:8000:6242:8d00:ed92:8a08:3ff0:3e6f,UDP,64109,,unknown
2607:f8b0:4007:818::200e,2603:8000:6242:8d00:ed92:8a08:3ff0:3e6f,UDP,63447,,unknown
2607:f8b0:4007:814::2004,2603:8000:6242:8d00:ed92:8a08:3ff0:3e6f,UDP,61915,,unknown
2603:8000:6242:8d00:ed92:8a08:3ff0:3e6f,2607:f8b0:4023:c0d::9d,TCP,443,,low
2607:f8b0:4007:801::2002,2603:8000:6242:8d00:ed92:8a08:3ff0:3e6f,UDP,59373,,unknown
2607:f8b0:4023:c0d::9d,2603:8000:6242:8d00:ed92:8a08:3ff0:3e6f,TCP,51847,,unknown
2607:f8b0:4023:c0d::9d,2603:8000:6242:8d00:ed92:8a08:3ff0:3e6f,TCP,51846,,unknown
2607:f8b0:4023:c0d::9d,2603:8000:6242:8d00:ed92:8a08:3ff0:3e6f,TCP,51848,,unknown
2607:f8b0:4023:c0d::9d,2603:8000:6242:8d00:ed92:8a08:3ff0:3e6f,TCP,51849,,unknown
2607:f8b0:4023:c0d::9d,2603:8000:6242:8d00:ed92:8a08:3ff0:3e6f,TCP,51850,,unknown
2603:8000:6242:8d00:ed92:8a08:3ff0:3e6f,2620:100:a005::,TCP,443,,low
2a03:2880:f10d:83:face:b00c:0:25de,2603:8000:6242:8d00:ed92:8a08:3ff0:3e6f,UDP,65519,,unknown
2607:f8b0:4007:813::2016,2603:8000:6242:8d00:ed92:8a08:3ff0:3e6f,TCP,51855,,unknown
2620:100:a005::,2603:8000:6242:8d00:ed92:8a08:3ff0:3e6f,TCP,51854,,unknown
2607:f8b0:4007:814::2002,2603:8000:6242:8d00:ed92:8a08:3ff0:3e6f,UDP,57000,,unknown
2607:f8b0:4007:809::200a,2603:8000:6242:8d00:ed92:8a08:3ff0:3e6f,TCP,51859,,unknown
2607:f8b0:4007:809::2001,2603:8000:6242:8d00:ed92:8a08:3ff0:3e6f,TCP,51860,,unknown
2607:f8b0:4007:809::200a,2603:8000:6242:8d00:ed92:8a08:3ff0:3e6f,UDP,62001,,unknown
2620:100:a005::,2603:8000:6242:8d00:ed92:8a08:3ff0:3e6f,TCP,51864,,unknown
2001:4860:4802:32::181,2603:8000:6242:8d00:ed92:8a08:3ff0:3e6f,UDP,61126,,unknown
2607:f8b0:4023:c0d::9d,2603:8000:6242:8d00:ed92:8a08:3ff0:3e6f,UDP,62377,,unknown
